{"frameRate":24,"isGlobal":0,"armature":[{"aabb":{"width":1175.4377118351445,"y":-200.83263670457984,"height":533.1756944444444,"x":-590.9408152206055},"type":"Armature","name":"Armature","ik":[],"skin":[{"name":"","slot":[{"display":[{"triangles":[3,2,1,0,3,1,0,4,3,5,4,0],"edges":[0,1,1,2,2,3,3,4,4,5,5,0],"type":"mesh","vertices":[-53.65,-51.05,70.85,31.85,59,50.95,30.2,50.95,-71,-16.7,-71,-51.05],"transform":{"y":-314.5,"x":-536.124},"userEdges":[],"path":"dh_0000_y1","width":142,"height":102,"name":"dh_0000_y1","uvs":[0.12218,-0.00049,0.99894,0.81225,0.91549,0.99951,0.71268,0.99951,0,0.33627,0,-0.00049]}],"name":"dh_0000_y1"},{"display":[{"triangles":[2,1,3,1,4,3,1,5,4,0,5,1,0,6,5],"edges":[0,1,1,2,2,3,3,4,4,5,5,6,6,0],"type":"mesh","vertices":[-76.35,7.25,14.75,-29,77.1,-29,77.1,-11.2,21.9,17.9,-46.3,29,-77,29],"transform":{"y":-205.7,"x":-555.9265},"userEdges":[],"path":"dh_0001_y2","width":154,"height":58,"name":"dh_0001_y2","uvs":[0.00422,0.625,0.59578,0,1.00065,0,1.00065,0.3069,0.64221,0.80862,0.19935,1,0,1]}],"name":"dh_0001_y2"},{"display":[{"width":807,"vertices":[-403.5,-148.05,-321.55,-34.35,-327.45,47.05,-403.5,138.05,-403.5,148,-130.3,148,-6.25,113.55,132.3,92.5,306.9,74.95,370.3,66.75,403.5,48.15,403.5,18.45,354.35,-12.9,204.05,-61.15,20.1,-101.6,-160.95,-129.9,-311.2,-147.95],"path":"dh_0006_st","triangles":[9,10,11,12,9,11,12,8,9,13,8,12,13,7,8,14,7,13,14,6,7,15,5,6,15,6,14,2,4,5,15,1,5,1,2,5,16,1,15,3,4,2,0,1,16],"type":"mesh","transform":{"y":-0.1628,"skX":-4.7158,"skY":-4.7158,"x":-142.627},"weights":[2,4,0.7570550467306929,10,0.24294495326930712,2,4,0.9452810829513334,10,0.05471891704866657,2,4,0.882939818440908,10,0.11706018155909194,2,4,0.7252568063394118,10,0.2747431936605883,2,4,0.7154188541805866,10,0.2845811458194133,3,4,0.44240504153607346,10,0.4497198871931017,12,0.1078750712708248,3,4,0.2221133916522171,10,0.57251658378076,12,0.20537002456702283,3,4,0.0391201003952648,10,0.484817284728668,12,0.47606261487606716,2,12,0.9390665937703491,10,0.06093340622965092,2,12,0.980165510770659,10,0.019834489229341026,2,12,0.9920999458712262,10,0.007900054128773778,2,12,0.9930474719122346,10,0.006952528087765295,2,12,0.968053063442357,10,0.03194693655764296,2,12,0.6619459065088578,10,0.33805409349114207,3,4,0.1965198791272945,10,0.5642576110793671,12,0.23922250979333845,2,4,0.5557913716160434,10,0.4442086283839566,2,4,0.7636994272028307,10,0.23630057279716926],"bonePose":[4,0.9965359050206346,0.08316363390752408,-0.08316363390752408,0.9965359050206346,-130.54999999999998,-49.75,10,0.9986289753836988,0.05234662858393154,-0.05234662858393154,0.9986289753836988,33.65000000000001,-35.55,12,0.9966146949202543,0.08221404909751531,-0.08221404909751531,0.9966146949202543,285.75,-23.9],"edges":[0,1,1,2,2,3,3,4,4,5,5,6,6,7,7,8,8,9,9,10,10,11,11,12,12,13,13,14,14,15,15,16,16,0],"slotPose":[1,1.6653345369377348e-15,-1.6653345369377348e-15,1,143.61918477939457,-35.788192260135474],"height":296,"name":"dh_0006_st","uvs":[0,-0.00017,0.10155,0.38395,0.09424,0.65895,0,0.96639,0,1,0.33854,1,0.49226,0.88361,0.66394,0.8125,0.8803,0.75321,0.95886,0.72551,1,0.66267,1,0.56233,0.9391,0.45642,0.75285,0.29341,0.52491,0.15676,0.30056,0.06115,0.11437,0.00017],"userEdges":[]}],"name":"dh_0006_st"},{"display":[{"width":316,"vertices":[-158,-43.8,-148.15,-68.8,-118.5,-87.8,-47.8,-99.5,83.8,-99.5,158,5.3,151.95,99.5,127.4,99.5,-158,41.7],"path":"dh_0005_s","triangles":[7,6,5,4,7,5,4,3,7,3,8,7,2,0,3,0,8,3,1,0,2],"type":"mesh","transform":{"y":-14.2058,"skX":-173.1589,"skY":-173.1589,"x":-12.1133},"weights":[2,5,0.08812296384557916,9,0.9118770361544208,2,5,0.18062278174039928,9,0.8193772182596007,2,5,0.2940501164148004,9,0.7059498835851997,2,5,0.473134983482203,9,0.5268650165177969,2,5,0.605119928132278,9,0.39488007186772195,2,5,0.9765768309783279,9,0.023423169021672036,2,5,0.8740602805845371,9,0.1259397194154629,2,5,0.8494815527542978,9,0.15051844724570215,2,5,0.056139969544013346,9,0.9438600304559867],"bonePose":[5,-0.9660309125794829,-0.2584265387704044,0.2584265387704044,-0.9660309125794829,-188.4,-59.69999999999999,9,-0.9928803389315961,0.11911604662294129,-0.11911604662294129,-0.9928803389315961,-341.6,-96.95000000000002],"edges":[0,1,1,2,2,3,3,4,4,5,5,6,6,7,7,8,8,0],"slotPose":[0.9999999999999999,-1.0408340855860843e-15,1.0408340855860843e-15,0.9999999999999999,-327.8808152206054,-84.28819226013545],"height":199,"name":"dh_0005_s","uvs":[0,0.2799,0.03117,0.15427,0.125,0.05879,0.34873,0,0.76519,0,1,0.52663,0.98085,1,0.90316,1,0,0.70955],"userEdges":[]}],"name":"dh_0005_s"},{"display":[{"width":361,"vertices":[-124.65,-79.45,-164.05,37.35,-180.5,41.6,-180.5,57.65,-152.2,74.2,-73.05,79.5,111.1,79.5,180.5,-7.95,180.5,-21.9,-107.75,-79.5],"path":"dh_0004_x","triangles":[6,7,8,9,6,8,9,5,6,0,1,9,9,1,5,1,4,5,1,3,4,2,3,1],"type":"mesh","transform":{"y":13.6259,"skX":178.699,"skY":178.699,"x":-8.1119},"weights":[2,1,0.24211013047422208,7,0.757889869525778,2,1,0.040297240651830844,7,0.9597027593481692,2,1,0.06553421360507382,7,0.9344657863949263,2,1,0.09150358856940745,7,0.9084964114305926,2,1,0.1225517742901788,7,0.8774482257098212,2,1,0.28103110523278907,7,0.7189688947672109,2,1,0.7065678354840615,7,0.29343216451593834,2,1,0.9699362690783363,7,0.030063730921663617,2,1,0.9717986290360874,7,0.028201370963912727,2,1,0.27863681586752026,7,0.7213631841324797],"bonePose":[1,-0.9839596836769583,0.17839097762594405,-0.17839097762594405,-0.9839596836769583,-211.19999999999996,16.05000000000001,7,-0.9997422261080976,-0.022704214067557127,0.022704214067557127,-0.9997422261080976,-367.80000000000007,46.15],"edges":[0,1,1,2,2,3,3,4,4,5,5,6,6,7,7,8,8,9,9,0],"slotPose":[1.0000000000000002,6.140921104957897e-16,-6.140921104957897e-16,1.0000000000000002,-359.3808152206055,32.71180773986454],"height":159,"name":"dh_0004_x","uvs":[0.15471,0.00031,0.04557,0.73491,0,0.76164,0,0.86258,0.07839,0.96667,0.29765,1,0.80776,1,1,0.45,1,0.36226,0.20152,0],"userEdges":[]}],"name":"dh_0004_x"},{"display":[{"width":557,"vertices":[-278.5,-156.75,-258.95,-180.5,-141.65,-180.5,-6.6,-151.2,90.8,-109.7,125.15,-62.65,213.15,43.05,278.5,72.95,278.5,128.85,253,180.5,163.9,154.3,74.75,180.5,-17.65,123.85,-64.15,118.35,-196.95,-21.7,-242.9,-98.05],"path":"dh_0003_CB","triangles":[10,9,8,7,6,8,6,10,8,5,10,6,5,12,10,12,11,10,3,12,4,4,12,5,13,12,3,14,13,3,2,14,3,15,14,2,1,15,2,1,0,15],"type":"mesh","transform":{"y":-47.0975,"skX":-14.8109,"skY":-14.8109,"x":-78.064},"weights":[3,2,0.9621596615930964,6,0.02888864133725354,11,0.00895169706964999,3,2,0.9831932014221479,6,0.013033931320658304,11,0.003772867257193782,3,2,0.8269836991091597,6,0.1501846449328255,11,0.0228316559580148,3,2,0.45915756330148305,6,0.46889830339222127,11,0.07194413330629579,3,2,0.2915955360757331,6,0.44329454190085954,11,0.26510992202340733,3,2,0.18144783007032722,6,0.42555913152477937,11,0.39299303840489336,3,2,0.029600487363281674,11,0.8550071438618358,6,0.11539236877488249,3,2,0.01658200748665532,11,0.933988172858056,6,0.049429819655288754,3,2,0.00735001468104596,11,0.9697182993649582,6,0.022931685953995837,3,2,0.02212630676095823,11,0.9042300961247816,6,0.07364359711426022,3,2,0.025069029261887903,11,0.8369953879964791,6,0.13793558274163292,3,2,0.06272711610886796,11,0.5325500229946707,6,0.40472286089646137,3,2,0.08328955474968963,6,0.4840446421634424,11,0.4326658030868679,3,2,0.1593206039711645,6,0.4560903442772056,11,0.38458905175162994,3,2,0.559744411084341,6,0.3427664091433267,11,0.09748917977233218,3,2,0.8684984032489561,6,0.10372965522923665,11,0.027771941521807383],"bonePose":[2,0.9214433714343917,0.3885126937947093,-0.3885126937947093,0.9214433714343917,-106.25000000000003,-14.900000000000006,6,0.6293161346808553,0.7771494081773127,-0.7771494081773127,0.6293161346808553,69.75000000000004,66.45000000000002,11,0.9667747203247554,0.25562988898208083,-0.25562988898208083,0.9667747203247554,197.05,214.75000000000006],"edges":[0,1,1,2,2,3,3,4,4,5,5,6,6,7,7,8,8,9,9,10,10,11,11,12,12,13,13,14,14,15,15,0],