{"frameRate":24,"isGlobal":0,"armature":[{"aabb":{"width":1211.4196682718025,"y":-284.88886810054953,"height":464.3611423220974,"x":-524.5388920750781},"type":"Armature","frameRate":24,"ik":[],"skin":[{"name":"","slot":[{"display":[{"width":336,"vertices":[-145.25,-65,-168,3.25,-168,64.1,-116.6,51.9,-51.35,65,168.1,65,168.1,-10,125.55,-48.7,38.2,-65],"userEdges":[],"path":"dh_0004_x","triangles":[7,8,5,8,4,5,6,7,5,0,4,8,0,1,3,0,3,4,1,2,3],"type":"mesh","transform":{"y":-15.8265,"skX":-166.7335,"skY":-166.7335,"x":-40.4554},"weights":[2,4,0.2392391782581847,7,0.7607608217418153,2,4,0.03545694955147909,7,0.964543050448521,2,4,0.08898880773120087,7,0.9110111922687991,2,4,0.09534116806661946,7,0.9046588319333806,2,4,0.3839312342921464,7,0.6160687657078536,2,4,0.8281536858239557,7,0.1718463141760443,2,4,0.9318720266213062,7,0.06812797337869386,2,4,0.9665326593969502,7,0.03346734060304989,2,4,0.7964517927186997,7,0.20354820728130038],"uvs":[0.06771,0,0,0.525,0,0.99308,0.15298,0.89923,0.34717,1,1.0003,1,1.0003,0.42308,0.87366,0.12538,0.61369,0],"edges":[0,1,1,2,2,3,3,4,4,5,5,6,6,7,7,8,8,0],"slotPose":[1.0000000000000002,4.440892098500626e-16,-4.440892098500626e-16,1.0000000000000002,-298.6423511440991,69.17042965225953],"height":130,"name":"dh_0004_x","bonePose":[4,-0.997456655321808,0.07127566733627827,-0.07127566733627827,-0.997456655321808,-186.85000000000002,49.75,7,-0.9733132898380299,0.22948036914880374,-0.22948036914880374,-0.9733132898380299,-341.65000000000003,63.050000000000004]}],"name":"dh_0004_x"},{"display":[{"width":864,"vertices":[-248,-193.5,-287.75,-175.7,-336.4,-138.1,-317.75,-37.4,-343.1,8.95,-343.1,27.75,-399.5,31.15,-399.5,48.75,-432,90.8,-432,123.95,-397.35,193.5,-353.05,193.5,-150.7,156,60.4,140.55,187.55,107.35,279.4,149.4,354.6,91.9,259.5,73.1,308.15,-8.65,331.35,-85,321.4,-111.55,355.7,-80.6,432.05,-71.75,432.05,-140.3,380,-193.5,290.45,-193.5,267.25,-128.15,244,-51.85,165.5,-20.9,72.65,-29.75,25.1,-67.25,-64.4,-81.7,-70,-123.7,37.25,-134.7,-43.45,-172.35,-118.65,-193.5],"userEdges":[],"path":"dh_0005_st","triangles":[24,20,23,20,21,23,23,21,22,25,20,24,17,15,16,25,26,20,27,18,19,20,26,19,26,27,19,27,17,18,27,28,17,17,14,15,28,14,17,28,29,14,29,13,14,30,31,13,31,12,13,30,13,29,34,32,33,3,12,31,35,32,34,32,0,31,0,3,31,35,0,32,3,5,12,1,3,0,5,11,12,4,5,3,2,3,1,7,9,11,7,11,5,8,9,7,9,10,11,6,7,5],"type":"mesh","transform":{"y":180.6205,"skX":-4.5533,"skY":-4.5533,"x":-313.0475},"weights":[4,1,0.3465008330199429,6,0.5649847934051999,9,0.05811645645169587,11,0.030397917123161335,4,1,0.39399311958682437,6,0.5064247628314787,9,0.0708846552235582,11,0.028697462358138717,4,1,0.43117020070977746,6,0.39432704905162747,9,0.138251769747945,11,0.03625098049065001,4,1,0.7352159514222906,9,0.16936415361761342,6,0.08257177019251362,11,0.012848124767582354,4,1,0.6266808055548484,9,0.32533953110106784,6,0.03748875117370752,11,0.010490912170376076,4,1,0.5530127384694644,9,0.4094266451749931,6,0.028223978046360138,11,0.009336638309182386,4,1,0.462484848301255,9,0.4214795225120714,6,0.08538469474224378,11,0.03065093444442977,4,1,0.44369089655245686,9,0.44478687895435404,6,0.07980021035532966,11,0.03172201413785943,4,1,0.4022593843313746,9,0.44336711895546455,6,0.10327570976616446,11,0.051097786946996245,4,1,0.38546166151276906,9,0.4473854913839443,6,0.10667516471115078,11,0.06047768239213594,4,1,0.35673524431564413,9,0.44707832160879823,6,0.11154897895897334,11,0.08463745511658427,4,1,0.3477076977093693,9,0.4657394178045105,6,0.10143383369011781,11,0.08511905079600236,4,1,0.15954117088483363,9,0.5434768181385675,11,0.21557345826560592,6,0.081408552710993,4,11,0.5748777749162306,9,0.2570354485288919,12,0.10971254704698065,6,0.0583742295078969,4,11,0.6050811693359203,12,0.2552666380931989,13,0.07698344203475396,9,0.06266875053612687,4,11,0.42607032912068304,12,0.34976352667309957,13,0.1348748379167068,14,0.08929130628951057,4,12,0.3721153551169574,11,0.3244784288055465,13,0.17947884658974242,14,0.1239273694877535,4,11,0.5243503853115608,12,0.367041940522646,13,0.06986019064707102,14,0.038747483518722065,4,12,0.5847763919245805,11,0.17809032236801417,13,0.16898598207494733,14,0.06814730363245794,4,13,0.42078917996907433,12,0.3903261831692126,14,0.1562771226441084,11,0.032607514217604716,4,13,0.5908902720292469,12,0.210999764564637,14,0.18508932152690144,11,0.01302064187921464,4,13,0.3373670022542699,12,0.31913716356106947,14,0.2901602526908502,11,0.053335581493810416,4,14,0.49457493501813954,13,0.2163647625013577,12,0.20631183952087193,11,0.08274846295963074,4,14,0.7521337459574818,13,0.13318481191536147,12,0.08581180792573635,11,0.028869634201420354,4,14,0.7174801210612817,13,0.1984971809468429,12,0.06581284595048165,11,0.018209852041393682,4,13,0.5267949394810102,14,0.3629766904821148,12,0.09043783496337271,11,0.019790535073502473,4,13,0.555714798000261,12,0.28589375448179283,14,0.13484945258324213,11,0.023541994934704005,4,12,0.7758074234607466,13,0.10712747570678745,11,0.08803678763321729,14,0.029028313199248614,4,11,0.6993228394830618,12,0.19858163842289947,13,0.06756250131449226,14,0.03453302077954647,4,11,0.7135244801834516,9,0.12140281031340483,12,0.08960808995197028,6,0.07546461955117316,4,11,0.42499636564014914,6,0.2560976816019285,9,0.23287235383680607,12,0.08603359892111642,4,1,0.10215683191835061,6,0.5309604945908157,9,0.19296172091970337,11,0.17392095257113027,4,1,0.036147451092868245,6,0.8928771198007845,9,0.03676900530012095,11,0.03420642380622631,4,6,0.49973812560080344,11,0.23004060419987576,9,0.16015620728343796,12,0.11006506291588276,4,1,0.028618493179261042,6,0.9186032948931158,11,0.026558705017007717,9,0.026219506910615416,4,1,0.07505536716834338,6,0.8668721944890678,9,0.03122711547511305,11,0.02684532286747591],"uvs":[0.21296,0,0.16696,0.04599,0.11065,0.14315,0.13223,0.40336,0.10289,0.52313,0.10289,0.57171,0.03762,0.58049,0.03762,0.62597,0,0.73463,0,0.82028,0.0401,1,0.09138,1,0.32558,0.9031,0.56991,0.86318,0.71707,0.77739,0.82338,0.88605,0.91042,0.73747,0.80035,0.68889,0.85666,0.47765,0.88351,0.28036,0.87199,0.21176,0.91169,0.29173,1.00006,0.3146,1.00006,0.13747,0.93981,0,0.83617,0,0.80932,0.16886,0.78241,0.36602,0.69155,0.44599,0.58409,0.42313,0.52905,0.32623,0.42546,0.28889,0.41898,0.18036,0.54311,0.15194,0.44971,0.05465,0.36267,0],"edges":[0,1,1,2,2,3,3,4,4,5,5,6,6,7,7,8,8,9,9,10,10,11,11,12,12,13,13,14,14,15,15,16,16,17,17,18,18,19,19,20,20,21,21,22,22,23,23,24,24,25,25,26,26,27,27,28,28,29,29,30,30,31,31,32,32,33,33,34,34,35,35,0],"slotPose":[0.9999999999999998,-1.3822276656583199e-14,1.3822276656583199e-14,0.9999999999999998,253.00160953005812,-63.70136810054952],"height":387,"name":"dh_0005_st","bonePose":[1,0.4873190129228335,-0.8732240145826929,0.8732240145826929,0.4873190129228335,-48.64999999999998,-45.349999999999994,6,0.9701235194270384,-0.24261153528737367,0.24261153528737367,0.9701235194270384,26.549999999999997,-183.55,9,0.9999889888421933,-0.004692781090982839,0.004692781090982839,0.9999889888421933,-44.19999999999999,-17.69999999999999,11,0.9957449264333804,-0.09215227334245261,0.09215227334245261,0.9957449264333804,236.64999999999992,-20.999999999999996,12,0.39398443436471386,-0.9191171119494603,0.9191171119494603,0.39398443436471386,504.20000000000005,-67.44999999999999,13,0.31069311067253647,-0.9505102792608944,0.9505102792608944,0.31069311067253647,545.1,-164.75,14,0.9968438983484581,0.07938666339788575,-0.07938666339788575,0.9968438983484581,579.3999999999999,-218.89999999999998]}],"name":"dh_0005_st"},{"display":[{"width":559,"vertices":[-279.55,-47.65,-168.15,-76.5,8.75,-76.5,110.55,-15.6,246.55,10.95,279.5,29.75,279.5,60.7,250.9,76.5,88.45,76.5,-45.35,61.8,-225.65,27.6,-279.55,-14.5],"userEdges":[],"path":"dh_0002_cb","triangles":[4,7,5,5,7,6,3,8,4,4,8,7,9,8,3,2,9,3,1,9,2,1,10,9,0,11,10,0,10,1],"type":"mesh","transform":{"y":-25.0617,"skX":-5.0552,"skY":-5.0552,"x":-110.4718},